#File,SHA-1
package-lock.json,bf84079c802ef7a9dda1586039d2bd10425ff9aa
package.json,64b3833162f00dcb8bb28e8965d70db9e990af82
src/main/webapp/404.html,a66c55c6dc33b70c48bb0359b722f7c3376f4406
src/main/webapp/WEB-INF/web.xml,f3577fd846ec450b1c1687c78d076c2b99e075c2
src/main/webapp/app/_bootstrap-variables.scss,6446e6ea2fab1addd8ba95275556139904fda000
src/main/webapp/app/app.scss,5cb39867f8c8ec4d9ac40409bdd450f8a3ddec4e
src/main/webapp/app/app.tsx,d1647fac961727b14432c6399e8bd0178ee5c6fd
src/main/webapp/app/config/axios-interceptor.spec.ts,86b0c0b18b6a852016f00020387106ccccd2909e
src/main/webapp/app/config/axios-interceptor.ts,dc54d7f524801df27c1cc692e23ef94efe5b964f
src/main/webapp/app/config/constants.ts,9c43864abf55ee5b743353be33fbc5965fc0ba27
src/main/webapp/app/config/dayjs.ts,ea85d7000017e15c0d02c4f361595391445ec213
src/main/webapp/app/config/error-middleware.ts,06e58000a0d7a7cafdfbfb49ef52d21e79d6b53b
src/main/webapp/app/config/icon-loader.ts,569d6fb5c7a5dffea293e09ebb7ad775abe3fe59
src/main/webapp/app/config/logger-middleware.ts,c06e5391ba3e221c78b20156c8cf7a0d8ad25cf3
src/main/webapp/app/config/notification-middleware.spec.ts,a868e4dc19c5e3b0ccee9ce2fdc273ef47df9611
src/main/webapp/app/config/notification-middleware.ts,2f401f401862e922e0ad488c7bd2bad7ec8335e1
src/main/webapp/app/config/store.ts,b56bdac29f64c4f41e84018c8bdf4c16d53bcf36
src/main/webapp/app/entities/menu.tsx,022e9ff50ab69161af823d29ab83b306f340547d
src/main/webapp/app/entities/produit-jour/index.tsx,680d3d61bd6559b1d77d05178d4559c49da9f5fb
src/main/webapp/app/entities/produit-jour/produit-jour-delete-dialog.tsx,9b5236e234368b90eb6986ef67d4b526b11ff206
src/main/webapp/app/entities/produit-jour/produit-jour-detail.tsx,8426cdb42183ee25805f52a183b1a5b6cdb6a31c
src/main/webapp/app/entities/produit-jour/produit-jour-reducer.spec.ts,8c80cc64ef977fe042fdb8a79ac67a69ec32e50d
src/main/webapp/app/entities/produit-jour/produit-jour-update.tsx,b574d326a7f92ba669c309a94ed3672e8677df74
src/main/webapp/app/entities/produit-jour/produit-jour.reducer.ts,bd0ec1c9be39e893165afdfcf144319ef1b22e0b
src/main/webapp/app/entities/produit-jour/produit-jour.tsx,5a1905aa5a70705cf5fc18414a4a26a8d34758d9
src/main/webapp/app/entities/produit/index.tsx,55581b68ce2819a55ef15c9c873056e9c57e7494
src/main/webapp/app/entities/produit/produit-delete-dialog.tsx,6a980050bfe15c80e1a05eb09b845181b86e04fb
src/main/webapp/app/entities/produit/produit-detail.tsx,127d6de6e911504ba2231cf8d8f4179acc7dc49d
src/main/webapp/app/entities/produit/produit-reducer.spec.ts,72bc864231fa2cd85851906487b2db844fd1e376
src/main/webapp/app/entities/produit/produit-update.tsx,c1b3088f189ff82ab3a473450390b826ddac0ca1
src/main/webapp/app/entities/produit/produit.reducer.ts,b9e463c784961dbd7bd580dee2240ae05de0e6fe
src/main/webapp/app/entities/produit/produit.tsx,b29ca9fd6ecdd3ee3a0195f517f042914712a5cc
src/main/webapp/app/entities/reducers.ts,19358ba24656572b1237d4e5c9eba4580fbf234d
src/main/webapp/app/entities/routes.tsx,15c8da742fa76a98f52e7da033a8dfc3d617f27e
src/main/webapp/app/index.tsx,645f6f177cc2583409a9337bf1eec8105ca47089
src/main/webapp/app/modules/account/activate/activate.reducer.spec.ts,a154dc141a4b2da6e31a1bb30cacb01326fd791c
src/main/webapp/app/modules/account/activate/activate.reducer.ts,ccb487a03e908c0d53c49ba8c7e6d28a02eab395
src/main/webapp/app/modules/account/activate/activate.tsx,b42696444f72c27cc1944de5e1f7704bfd3de4dd
src/main/webapp/app/modules/account/index.tsx,6fc3eb5bbfb8a76a88c04d90415fe748d3f2023c
src/main/webapp/app/modules/account/password-reset/finish/password-reset-finish.tsx,04a5fb101f1511eb1ab9a87d63f14b358c5858ae
src/main/webapp/app/modules/account/password-reset/init/password-reset-init.tsx,a6f5b3cc100b132f38b752cd09ddd8839757eea0
src/main/webapp/app/modules/account/password-reset/password-reset.reducer.ts,cdeca80b4a2daf31ffd1de45f7eeebed6e015a8a
src/main/webapp/app/modules/account/password/password.reducer.spec.ts,1eec6314c2cd45f9d75366ba5dfe319fb7c773cc
src/main/webapp/app/modules/account/password/password.reducer.ts,941f8b1d3d01951fd9f4d3b7f14f724f03a719b0
src/main/webapp/app/modules/account/password/password.tsx,02f76964ce11a7812eb695702723b1ea2fad7e50
src/main/webapp/app/modules/account/register/register.reducer.spec.ts,0e08e2d72669c9c3a5c8d19749ce43ff99aec439
src/main/webapp/app/modules/account/register/register.reducer.ts,79f7ebe598e970c970fec1bb9b850b1d123b57d0
src/main/webapp/app/modules/account/register/register.tsx,5529661870a87bda2473c42b5f29c47449b50d71
src/main/webapp/app/modules/account/settings/settings.reducer.spec.ts,71a6daeb95ab93efcc81f0b8be6ab31e7589e226
src/main/webapp/app/modules/account/settings/settings.reducer.ts,0ecffaff12ee31d019d118c864e6f24c89e49028
src/main/webapp/app/modules/account/settings/settings.tsx,8559e4d49d215882242223fa27a1cdc54b7d78f1
src/main/webapp/app/modules/administration/administration.reducer.spec.ts,b6b11fe35dcd5e5841aadba3cbff76f66b8d9c2f
src/main/webapp/app/modules/administration/administration.reducer.ts,3d9725e070732a1aef566ac1d30429d2713ea3b2
src/main/webapp/app/modules/administration/configuration/configuration.tsx,7a0b2417d93c6e38278260476135efdde9a2c2fd
src/main/webapp/app/modules/administration/docs/docs.scss,b2d84d706c34e9f2287429d1135921844bab7425
src/main/webapp/app/modules/administration/docs/docs.tsx,c6c7e74d74b621dbda16d8386e045aef8377b0f3
src/main/webapp/app/modules/administration/health/health-modal.tsx,2ab5f275f2ad1373f751a7468665064f07ff188d
src/main/webapp/app/modules/administration/health/health.tsx,1dd6e9c65ab8298e2064e5ca04a938865fc6e2fa
src/main/webapp/app/modules/administration/index.tsx,491ae49ce5015acb5a75d120e3034f02c4473a27
src/main/webapp/app/modules/administration/logs/logs.tsx,fe4ff9d4eba80ff9020b02c80d2e10e8badf581b
src/main/webapp/app/modules/administration/metrics/metrics.tsx,cc24083d9169c32b32c2c2f297433893a468316e
src/main/webapp/app/modules/administration/user-management/index.tsx,89a52860bed92674e66c06171c1940e6f4d84846
src/main/webapp/app/modules/administration/user-management/user-management-delete-dialog.tsx,28810c9425197ede690229e9d97b3775f2812f17
src/main/webapp/app/modules/administration/user-management/user-management-detail.tsx,d6e3ca1c8aae560df00916bf9426b9e959b58fd0
src/main/webapp/app/modules/administration/user-management/user-management-update.tsx,3edbab19af477b6384d41a8c79945f1855bad28c
src/main/webapp/app/modules/administration/user-management/user-management.reducer.spec.ts,ec0994cffddf42d705b8dd2b06594089f16063e3
src/main/webapp/app/modules/administration/user-management/user-management.reducer.ts,e635c892d3ac5def563696a91d24f5d874e96799
src/main/webapp/app/modules/administration/user-management/user-management.tsx,ced46bb544a338d9d615583d641cab5cd983f693
src/main/webapp/app/modules/home/home.scss,d6e40de48dbd11059e5e5a322917cf61beeb63cf
src/main/webapp/app/modules/home/home.tsx,91f3704e34706267fb3c89d66c6ef9d4e17bd3e6
src/main/webapp/app/modules/login/login-modal.tsx,528c53d2c2163beba4a9cb25387105648294ca62
src/main/webapp/app/modules/login/login.tsx,d32304d61e98d77b7e2b1639addf726fc010f1e4
src/main/webapp/app/modules/login/logout.tsx,596a325811870a3f7fd090b3c6f580c7d033c8b4
src/main/webapp/app/routes.tsx,bc41eca2dfa9284e3d4ddcfb430e013cd46a1d26
src/main/webapp/app/setup-tests.ts,b55be73a50f3d0d29c99022aba6867f9bb12bdbf
src/main/webapp/app/shared/DurationFormat.tsx,f5f6a6703c13cab1a458a9c352e0c38687c41e0e
src/main/webapp/app/shared/auth/private-route.spec.tsx,87ae4bb9fea698e4c931400a71f969e6985d2621
src/main/webapp/app/shared/auth/private-route.tsx,e6a935783c10ccc9e245542c6b6d2d09a31ac5f9
src/main/webapp/app/shared/error/error-boundary-routes.spec.tsx,285224f96f041cbeb00d34c781a341e80918c0ef
src/main/webapp/app/shared/error/error-boundary-routes.tsx,f17afcc700c717c613edf8e08c7f40836e0adff3
src/main/webapp/app/shared/error/error-boundary.spec.tsx,5acd279a4ba3c00555b95f8c8c3ffce46d3a4ddd
src/main/webapp/app/shared/error/error-boundary.tsx,472182d082ec86ef3c10af824986b20821a0664f
src/main/webapp/app/shared/error/page-not-found.tsx,ae804c98b24a18c5c6f93875683b231e47eae56e
src/main/webapp/app/shared/jhipster/headers.ts,d4a75dc688208c6ae3f7e343ba90116acb4ea7be
src/main/webapp/app/shared/jhipster/problem-details.ts,6555c130808684dee860a0cab6894f9af5261b58
src/main/webapp/app/shared/layout/footer/footer.scss,d3cac62246d4863510099354d1d41fa13b549ab0
src/main/webapp/app/shared/layout/footer/footer.tsx,6fb72d4e3b53091a65c89f22caacc91f510a1df1
src/main/webapp/app/shared/layout/header/header-components.tsx,658731761762f37ed4c007ac679c657146032ede
src/main/webapp/app/shared/layout/header/header.scss,b1a319213447cd16ab73f5f2be109011558642b9
src/main/webapp/app/shared/layout/header/header.spec.tsx,3090d4daeb32b73efc42dc337cb608068f9ae4d6
src/main/webapp/app/shared/layout/header/header.tsx,a580d6659c548253a2c758ee7cb977c7c38142b8
src/main/webapp/app/shared/layout/menus/account.spec.tsx,950acef0abff7bee45102b821f09998b7115cab2
src/main/webapp/app/shared/layout/menus/account.tsx,3cfa57a4b76bae415f560e4fc2dd3e7588e54db7
src/main/webapp/app/shared/layout/menus/admin.tsx,4c2499b3824a3bb432941a3b7d1a78252994ada0
src/main/webapp/app/shared/layout/menus/entities.tsx,a4c630d23cf1cf297f4456c5a5eb349e048e0a39
src/main/webapp/app/shared/layout/menus/index.ts,ea13a27c1f08c685163b6f91fb2e1a265f76a55b
src/main/webapp/app/shared/layout/menus/menu-components.tsx,b18066b952ba858edd972cadcdde05a2dfb7fe82
src/main/webapp/app/shared/layout/menus/menu-item.tsx,ce336d9ef4fb2d4bf10cf8a352fbd41dc1334aaf
src/main/webapp/app/shared/layout/password/password-strength-bar.scss,9d5c04beb3d647cac81dfffa450f2749126b7c7d
src/main/webapp/app/shared/layout/password/password-strength-bar.tsx,54167ac315405f4a42a58ec6a117f614235fa8d9
src/main/webapp/app/shared/model/produit-jour.model.ts,ef6c2e69db17f106b0049b7d75b438e2a0ca3ecf
src/main/webapp/app/shared/model/produit.model.ts,b96cfb0c0ed7a48b4518961ef1a4a514355f3827
src/main/webapp/app/shared/model/user.model.ts,f36836eba81c142a12eed396cd72645ff12d0bbc
src/main/webapp/app/shared/reducers/application-profile.spec.ts,a5a00e5add30e2c2899cacc32624fac5f7727ca0
src/main/webapp/app/shared/reducers/application-profile.ts,bbb4ad59ebe6d3bb0f310db879f63bb044548f31
src/main/webapp/app/shared/reducers/authentication.spec.ts,6df774d51a5cae3bc740d19f74912674c7069818
src/main/webapp/app/shared/reducers/authentication.ts,505cc7ac7df4402e852167ba155d1d5425cf1455
src/main/webapp/app/shared/reducers/index.ts,721b563ab81e2605727eb325a74ae5fa558faebd
src/main/webapp/app/shared/reducers/reducer.utils.ts,0d18e6e2752960bba983123bf3c6eca73c002d8c
src/main/webapp/app/shared/util/date-utils.ts,e9fc95ab2201187bb99cb7a54dc56d3e5480c308
src/main/webapp/app/shared/util/entity-utils.spec.ts,6670c1a8ed9ce8fa9542538c8303b405e444335f
src/main/webapp/app/shared/util/entity-utils.ts,c46ab97d73a86fcd83757974ef1b49d83373a4f7
src/main/webapp/app/shared/util/pagination.constants.ts,2259d10abbaabd7777dbe59c827f43a72691e459
src/main/webapp/app/typings.d.ts,7e744d2f398e3ea5369c4c45e473e7b510289ca4
src/main/webapp/content/css/loading.css,3ab1823dee0fef70192fbc9d5341dde0020a77a1
src/main/webapp/content/images/jhipster_family_member_0.svg,d74ed3591e3a916224096cef4f87dc3bd7479386
src/main/webapp/content/images/jhipster_family_member_0_head-192.png,df480d17864835a76db4abd997176e13cfa38d2c
src/main/webapp/content/images/jhipster_family_member_0_head-256.png,ec1cd28328e885231c2d9a451cc46a8d4f10d6f4
src/main/webapp/content/images/jhipster_family_member_0_head-384.png,55c081b847a19807b34b48e31e63a464a2726d4e
src/main/webapp/content/images/jhipster_family_member_0_head-512.png,6cf7f74775338ab98de40ef589c68337fe8e859c
src/main/webapp/content/images/jhipster_family_member_1.svg,61a207bca2c8b0dac21fc945d2f2505e4b5d3a30
src/main/webapp/content/images/jhipster_family_member_1_head-192.png,ba95a15a915e98e756f8c0f6202cbb7146913d7a
src/main/webapp/content/images/jhipster_family_member_1_head-256.png,ae556422471b55c075155b881fa3d5ee646f968a
src/main/webapp/content/images/jhipster_family_member_1_head-384.png,0270ae0a742ebc7eaef16840d708a06663723204
src/main/webapp/content/images/jhipster_family_member_1_head-512.png,a432afd937aae212f7a5ea3b0285bd74b7358812
src/main/webapp/content/images/jhipster_family_member_2.svg,4b05e0217c9e27910087f76aa24a5699f7a3a30e
src/main/webapp/content/images/jhipster_family_member_2_head-192.png,7daaed3c0c953917ad905857627dbfc6466856af
src/main/webapp/content/images/jhipster_family_member_2_head-256.png,67f06e7a90ac379846940f1332d9d10398c49ae5
src/main/webapp/content/images/jhipster_family_member_2_head-384.png,7a0f8b1cc27ec81ce80bc1903f6faa2dab5524d9
src/main/webapp/content/images/jhipster_family_member_2_head-512.png,ee068745494bc8e72479d25287f2f80934f38c6d
src/main/webapp/content/images/jhipster_family_member_3.svg,0690f4141a25d739ed9429b0b315cc94196a3644
src/main/webapp/content/images/jhipster_family_member_3_head-192.png,58b5043c79afe05573cd8c3f7c23cc84c96ca362
src/main/webapp/content/images/jhipster_family_member_3_head-256.png,ee0fd7e4d2c0882650575bbaca55dee69dcaa064
src/main/webapp/content/images/jhipster_family_member_3_head-384.png,cf311c64f4d6762559ab3063521524f736f0975a
src/main/webapp/content/images/jhipster_family_member_3_head-512.png,97e81d97579be35f112fa057028887fbb80f962c
src/main/webapp/content/images/logo-jhipster.png,e1e46028ec092ca351425b07707fcdd52146b0b3
src/main/webapp/favicon.ico,69547cd4a95b59ac7e6818b6eb82befa061d0c16
src/main/webapp/index.html,cdb09ab0226e3fcdc7fe80e824802964c8470d52
src/main/webapp/manifest.webapp,42578c1c66404ba935c9ddff957e0530da95fabd
src/main/webapp/robots.txt,85dff18c84fe266335d06b070f89d291c46290e3
src/main/webapp/swagger-ui/dist/images/throbber.gif,4defd79f66e824ab7a3dc0e179904cc71a363439
src/main/webapp/swagger-ui/index.html,25e37209f9e1292bd60dfca45a59c3fcd9d91c3a
target/classes/static/account.ea59b6c0.chunk.js,52bcea37ea3c3490681d6c1bae47ac7047dd93dd
target/classes/static/account.ea59b6c0.chunk.js.map,5cd41bf57ee92fb4ba3afdbaafd9a4825abb578c
target/classes/static/administration.ab735278.chunk.js,d7f98d8ded95939c5c0f0c9d1ce72e0470db4108
target/classes/static/administration.ab735278.chunk.js.map,0b0ff91c9df4d02c15db59ec745eb922737c4ffc
target/classes/static/content/css/loading.css,3ab1823dee0fef70192fbc9d5341dde0020a77a1
target/classes/static/content/images/jhipster_family_member_0.svg,d74ed3591e3a916224096cef4f87dc3bd7479386
target/classes/static/content/images/jhipster_family_member_0_head-192.png,df480d17864835a76db4abd997176e13cfa38d2c
target/classes/static/content/images/jhipster_family_member_0_head-256.png,ec1cd28328e885231c2d9a451cc46a8d4f10d6f4
target/classes/static/content/images/jhipster_family_member_0_head-384.png,55c081b847a19807b34b48e31e63a464a2726d4e
target/classes/static/content/images/jhipster_family_member_0_head-512.png,6cf7f74775338ab98de40ef589c68337fe8e859c
target/classes/static/content/images/jhipster_family_member_1.svg,61a207bca2c8b0dac21fc945d2f2505e4b5d3a30
target/classes/static/content/images/jhipster_family_member_1_head-192.png,ba95a15a915e98e756f8c0f6202cbb7146913d7a
target/classes/static/content/images/jhipster_family_member_1_head-256.png,ae556422471b55c075155b881fa3d5ee646f968a
target/classes/static/content/images/jhipster_family_member_1_head-384.png,0270ae0a742ebc7eaef16840d708a06663723204
target/classes/static/content/images/jhipster_family_member_1_head-512.png,a432afd937aae212f7a5ea3b0285bd74b7358812
target/classes/static/content/images/jhipster_family_member_2.svg,4b05e0217c9e27910087f76aa24a5699f7a3a30e
target/classes/static/content/images/jhipster_family_member_2_head-192.png,7daaed3c0c953917ad905857627dbfc6466856af
target/classes/static/content/images/jhipster_family_member_2_head-256.png,67f06e7a90ac379846940f1332d9d10398c49ae5
target/classes/static/content/images/jhipster_family_member_2_head-384.png,7a0f8b1cc27ec81ce80bc1903f6faa2dab5524d9
target/classes/static/content/images/jhipster_family_member_2_head-512.png,ee068745494bc8e72479d25287f2f80934f38c6d
target/classes/static/content/images/jhipster_family_member_3.svg,0690f4141a25d739ed9429b0b315cc94196a3644
target/classes/static/content/images/jhipster_family_member_3_head-192.png,58b5043c79afe05573cd8c3f7c23cc84c96ca362
target/classes/static/content/images/jhipster_family_member_3_head-256.png,ee0fd7e4d2c0882650575bbaca55dee69dcaa064
target/classes/static/content/images/jhipster_family_member_3_head-384.png,cf311c64f4d6762559ab3063521524f736f0975a
target/classes/static/content/images/jhipster_family_member_3_head-512.png,97e81d97579be35f112fa057028887fbb80f962c
target/classes/static/content/images/logo-jhipster.png,e1e46028ec092ca351425b07707fcdd52146b0b3
target/classes/static/favicon.ico,69547cd4a95b59ac7e6818b6eb82befa061d0c16
target/classes/static/index.html,479898e19063d02e491f96cb0ebf6216b85a36f3
target/classes/static/main.218ccb12.js,53aa7778530a70cc4d9c2a73402dec6ac136dcc7
target/classes/static/main.218ccb12.js.map,3f04742b0a42bcf7117e3fb153782cd1e2c66828
target/classes/static/manifest.webapp,42578c1c66404ba935c9ddff957e0530da95fabd
target/classes/static/robots.txt,85dff18c84fe266335d06b070f89d291c46290e3
target/classes/static/swagger-ui/absolute-path.js,27e42f7871bbac388e15d373642643a9c0ce2be3
target/classes/static/swagger-ui/axios.min.js,493b74178a63429fff2aab081b3a1ca73d362085
target/classes/static/swagger-ui/dist/images/throbber.gif,4defd79f66e824ab7a3dc0e179904cc71a363439
target/classes/static/swagger-ui/favicon-16x16.png,3ff0a4d0a54de5e744a382349822165a6b6994ed
target/classes/static/swagger-ui/favicon-32x32.png,8ca50b59019f7f17c65b77ea4f90a1b1a46ac0b6
target/classes/static/swagger-ui/index.css,71586906338f69420aa4cf1d3494fee8c533f11a
target/classes/static/swagger-ui/index.html,25e37209f9e1292bd60dfca45a59c3fcd9d91c3a
target/classes/static/swagger-ui/index.js,188642650e853f572a8c7191ba21bf1d5e1b3e5b
target/classes/static/swagger-ui/oauth2-redirect.html,e1d0985cc80073d9ad24ed54e1350902b1b4651c
target/classes/static/swagger-ui/swagger-initializer.js,c434dd8fbfa625a10351681d3037ee79d5682207
target/classes/static/swagger-ui/swagger-ui-bundle.js,36af3f79010ac51754bbfa35e86f73b28521e559
target/classes/static/swagger-ui/swagger-ui-es-bundle-core.js,b7592ebdff721dd9e4395b602fe5302aa8900355
target/classes/static/swagger-ui/swagger-ui-es-bundle.js,47717c193b2c8be0538f7f63c4ddccc9da6e75ad
target/classes/static/swagger-ui/swagger-ui-standalone-preset.js,c3073b573e55925510e2e6e6a1e2a564a2bc8558
target/classes/static/swagger-ui/swagger-ui.css,aadf0abdeb2a499bf040697f50024d997d984191
target/classes/static/swagger-ui/swagger-ui.js,8b0335d5bade188456d36cefad9b22976b907d90
tsconfig.json,3823086af65fe3750798f5cb0e51da040184e1d0
webpack/environment.js,542bd9c73e5d1b7ec452c0df9a1d9a8bbb7aa863
webpack/logo-jhipster.png,f1671a819ca95d37e86e20da335b66ac67dd6210
webpack/utils.js,4da91113a5b225f04139fe0648fb940d22b15a36
webpack/webpack.common.js,fea8def45e498f4fbfe5344b636b53cd90e9fff1
webpack/webpack.dev.js,6cb010cb3f0a63663a79d147886a91ff30fdfd60
webpack/webpack.prod.js,b27833207083922a229e1331c9bcef687f109ede
9d5d8929e3e7466996c23f4f94a79
target/classes/static/swagger-ui/swagger-ui.js,1be0265da02b9f261fe9fa9c5fb6ddef93c2dca0
target/classes/static/workbox-1c3383c2.js,a7d6411de3b8ea1093ecc1d9ce87dfab2fe19d07
tsconfig.json,3823086af65fe3750798f5cb0e51da040184e1d0
webpack/environment.js,542bd9c73e5d1b7ec452c0df9a1d9a8bbb7aa863
webpack/logo-jhipster.png,f1671a819ca95d37e86e20da335b66ac67dd6210
webpack/utils.js,4da91113a5b225f04139fe0648fb940d22b15a36
webpack/webpack.common.js,fea8def45e498f4fbfe5344b636b53cd90e9fff1
webpack/webpack.dev.js,6cb010cb3f0a63663a79d147886a91ff30fdfd60
webpack/webpack.prod.js,b27833207083922a229e1331c9bcef687f109ede
